{"cameraMode":{"drawMode":0,"name":"Shaded","section":"Shading Mode"},"sceneLighting":true,"audioPlay":false,"sceneViewState":{"m_AlwaysRefresh":false,"showFog":true,"showSkybox":true,"showFlares":true,"showImageEffects":true,"showParticleSystems":true,"showVisualEffectGraphs":true,"m_FxEnabled":true},"in2DMode":false,"pivot":{"x":-8.559139251708985,"y":8.702412605285645,"z":-0.9050273895263672},"rotation":{"x":-0.007498729974031448,"y":0.017998604103922845,"z":0.0001349671365460381,"w":0.9998108744621277},"size":4.0748186111450199,"orthographic":true}