{"cameraMode":{"drawMode":0,"name":"Shaded","section":"Shading Mode"},"sceneLighting":true,"audioPlay":false,"sceneViewState":{"m_AlwaysRefresh":false,"showFog":true,"showSkybox":true,"showFlares":true,"showImageEffects":true,"showParticleSystems":true,"showVisualEffectGraphs":true,"m_FxEnabled":true},"in2DMode":false,"pivot":{"x":-15.629608154296875,"y":-3.933368682861328,"z":0.6564407348632813},"rotation":{"x":-0.007498729974031448,"y":0.017998604103922845,"z":0.0001349671365460381,"w":0.9998108744621277},"size":23.545696258544923,"orthographic":true}